{
  "timestamp": "2025-10-03T20:05:50.950670Z",
  "seed": 42,
  "metrics": {
    "baseline": {
      "train": {
        "mae": 0.0856769219912015,
        "r2": 0.838113685766222
      },
      "valid": {
        "mae": 0.9174999761581422,
        "r2": -4.314847309513372
      },
      "test": {
        "mae": 0.2930332797368367,
        "r2": -2.157130158192248
      }
    },
    "gnn": {
      "train": {
        "mae": 0.32438259858351487,
        "r2": -1.2421039910788303
      },
      "valid": {
        "mae": 0.6279356479644775,
        "r2": -1.0673900946836636
      },
      "test": {
        "mae": 0.5503808657328287,
        "r2": -19.305104620015957
      }
    }
  }
}