{
  "timestamp": "2025-10-04T03:17:51.327067Z",
  "seed": 42,
  "metrics": {
    "baseline": {
      "train": {
        "mae": 0.0856769219912015,
        "r2": 0.838113685766222
      },
      "valid": {
        "mae": 0.9174999761581422,
        "r2": -4.314847309513372
      },
      "test": {
        "mae": 0.2930332797368367,
        "r2": -2.157130158192248
      }
    }
  }
}